dataset,sse,view,reference,candidate,ssim,lpips
bagAmsterdam,12,0,bagAmsterdam__sse-4__view-0.png,bagAmsterdam__sse-12__view-0.png,0.9810598606852792,
bagAmsterdam,12,1,bagAmsterdam__sse-4__view-1.png,bagAmsterdam__sse-12__view-1.png,0.9658587050326064,
bagAmsterdam,12,2,bagAmsterdam__sse-4__view-2.png,bagAmsterdam__sse-12__view-2.png,0.9539089035003244,
bagAmsterdam,12,3,bagAmsterdam__sse-4__view-3.png,bagAmsterdam__sse-12__view-3.png,0.9710570247441881,
bagAmsterdam,12,4,bagAmsterdam__sse-4__view-4.png,bagAmsterdam__sse-12__view-4.png,0.9787450880477911,
bagAmsterdam,12,5,bagAmsterdam__sse-4__view-5.png,bagAmsterdam__sse-12__view-5.png,0.9780849976399842,
bagAmsterdam,16,0,bagAmsterdam__sse-4__view-0.png,bagAmsterdam__sse-16__view-0.png,0.9810598606852792,
bagAmsterdam,16,1,bagAmsterdam__sse-4__view-1.png,bagAmsterdam__sse-16__view-1.png,0.9658587050326064,
bagAmsterdam,16,2,bagAmsterdam__sse-4__view-2.png,bagAmsterdam__sse-16__view-2.png,0.9539089035003244,
bagAmsterdam,16,3,bagAmsterdam__sse-4__view-3.png,bagAmsterdam__sse-16__view-3.png,0.9710570247441881,
bagAmsterdam,16,4,bagAmsterdam__sse-4__view-4.png,bagAmsterdam__sse-16__view-4.png,0.9787450880477911,
bagAmsterdam,16,5,bagAmsterdam__sse-4__view-5.png,bagAmsterdam__sse-16__view-5.png,0.9780849976399842,
bagAmsterdam,24,0,bagAmsterdam__sse-4__view-0.png,bagAmsterdam__sse-24__view-0.png,0.9810598606852792,
bagAmsterdam,24,1,bagAmsterdam__sse-4__view-1.png,bagAmsterdam__sse-24__view-1.png,0.9658587050326064,
bagAmsterdam,24,2,bagAmsterdam__sse-4__view-2.png,bagAmsterdam__sse-24__view-2.png,0.9539089035003244,
bagAmsterdam,24,3,bagAmsterdam__sse-4__view-3.png,bagAmsterdam__sse-24__view-3.png,0.9710570247441881,
bagAmsterdam,24,4,bagAmsterdam__sse-4__view-4.png,bagAmsterdam__sse-24__view-4.png,0.9787450880477911,
bagAmsterdam,24,5,bagAmsterdam__sse-4__view-5.png,bagAmsterdam__sse-24__view-5.png,0.9780849976399842,
bagAmsterdam,32,0,bagAmsterdam__sse-4__view-0.png,bagAmsterdam__sse-32__view-0.png,0.9810598606852792,
bagAmsterdam,32,1,bagAmsterdam__sse-4__view-1.png,bagAmsterdam__sse-32__view-1.png,0.9658587050326064,
bagAmsterdam,32,2,bagAmsterdam__sse-4__view-2.png,bagAmsterdam__sse-32__view-2.png,0.9539089035003244,
bagAmsterdam,32,3,bagAmsterdam__sse-4__view-3.png,bagAmsterdam__sse-32__view-3.png,0.9710570247441881,
bagAmsterdam,32,4,bagAmsterdam__sse-4__view-4.png,bagAmsterdam__sse-32__view-4.png,0.9787450880477911,
bagAmsterdam,32,5,bagAmsterdam__sse-4__view-5.png,bagAmsterdam__sse-32__view-5.png,0.9780849976399842,
bagAmsterdam,48,0,bagAmsterdam__sse-4__view-0.png,bagAmsterdam__sse-48__view-0.png,0.9810598606852792,
bagAmsterdam,48,1,bagAmsterdam__sse-4__view-1.png,bagAmsterdam__sse-48__view-1.png,0.9658587050326064,
bagAmsterdam,48,2,bagAmsterdam__sse-4__view-2.png,bagAmsterdam__sse-48__view-2.png,0.9539089035003244,
bagAmsterdam,48,3,bagAmsterdam__sse-4__view-3.png,bagAmsterdam__sse-48__view-3.png,0.9710570247441881,
bagAmsterdam,48,4,bagAmsterdam__sse-4__view-4.png,bagAmsterdam__sse-48__view-4.png,0.9787450880477911,
bagAmsterdam,48,5,bagAmsterdam__sse-4__view-5.png,bagAmsterdam__sse-48__view-5.png,0.9780849976399842,
bagAmsterdam,4,0,bagAmsterdam__sse-4__view-0.png,bagAmsterdam__sse-4__view-0.png,1.0,
bagAmsterdam,4,1,bagAmsterdam__sse-4__view-1.png,bagAmsterdam__sse-4__view-1.png,1.0,
bagAmsterdam,4,2,bagAmsterdam__sse-4__view-2.png,bagAmsterdam__sse-4__view-2.png,1.0,
bagAmsterdam,4,3,bagAmsterdam__sse-4__view-3.png,bagAmsterdam__sse-4__view-3.png,1.0,
bagAmsterdam,4,4,bagAmsterdam__sse-4__view-4.png,bagAmsterdam__sse-4__view-4.png,1.0,
bagAmsterdam,4,5,bagAmsterdam__sse-4__view-5.png,bagAmsterdam__sse-4__view-5.png,1.0,
bagAmsterdam,64,0,bagAmsterdam__sse-4__view-0.png,bagAmsterdam__sse-64__view-0.png,0.9810598606852792,
bagAmsterdam,64,1,bagAmsterdam__sse-4__view-1.png,bagAmsterdam__sse-64__view-1.png,0.9658587050326064,
bagAmsterdam,64,2,bagAmsterdam__sse-4__view-2.png,bagAmsterdam__sse-64__view-2.png,0.9539089035003244,
bagAmsterdam,64,3,bagAmsterdam__sse-4__view-3.png,bagAmsterdam__sse-64__view-3.png,0.9710570247441881,
bagAmsterdam,64,4,bagAmsterdam__sse-4__view-4.png,bagAmsterdam__sse-64__view-4.png,0.9787450880477911,
bagAmsterdam,64,5,bagAmsterdam__sse-4__view-5.png,bagAmsterdam__sse-64__view-5.png,0.9780849976399842,
bagAmsterdam,6,0,bagAmsterdam__sse-4__view-0.png,bagAmsterdam__sse-6__view-0.png,0.9830113431153386,
bagAmsterdam,6,1,bagAmsterdam__sse-4__view-1.png,bagAmsterdam__sse-6__view-1.png,0.9691627435965179,
bagAmsterdam,6,2,bagAmsterdam__sse-4__view-2.png,bagAmsterdam__sse-6__view-2.png,0.9583085048309333,
bagAmsterdam,6,3,bagAmsterdam__sse-4__view-3.png,bagAmsterdam__sse-6__view-3.png,0.9736322065221348,
bagAmsterdam,6,4,bagAmsterdam__sse-4__view-4.png,bagAmsterdam__sse-6__view-4.png,0.9866404089102887,
bagAmsterdam,6,5,bagAmsterdam__sse-4__view-5.png,bagAmsterdam__sse-6__view-5.png,0.9841887822462386,
bagAmsterdam,8,0,bagAmsterdam__sse-4__view-0.png,bagAmsterdam__sse-8__view-0.png,0.9810859620782719,
bagAmsterdam,8,1,bagAmsterdam__sse-4__view-1.png,bagAmsterdam__sse-8__view-1.png,0.9658587050326064,
bagAmsterdam,8,2,bagAmsterdam__sse-4__view-2.png,bagAmsterdam__sse-8__view-2.png,0.9539089035003244,
bagAmsterdam,8,3,bagAmsterdam__sse-4__view-3.png,bagAmsterdam__sse-8__view-3.png,0.9736322065221348,
bagAmsterdam,8,4,bagAmsterdam__sse-4__view-4.png,bagAmsterdam__sse-8__view-4.png,0.9866404089102887,
bagAmsterdam,8,5,bagAmsterdam__sse-4__view-5.png,bagAmsterdam__sse-8__view-5.png,0.9841887822462386,
bagRotterdam,12,0,bagRotterdam__sse-4__view-0.png,bagRotterdam__sse-12__view-0.png,0.966171576646234,
bagRotterdam,12,1,bagRotterdam__sse-4__view-1.png,bagRotterdam__sse-12__view-1.png,0.9520008437797682,
bagRotterdam,12,2,bagRotterdam__sse-4__view-2.png,bagRotterdam__sse-12__view-2.png,0.963088346375171,
bagRotterdam,12,3,bagRotterdam__sse-4__view-3.png,bagRotterdam__sse-12__view-3.png,0.9819876882553477,
bagRotterdam,12,4,bagRotterdam__sse-4__view-4.png,bagRotterdam__sse-12__view-4.png,0.9701300036379487,
bagRotterdam,12,5,bagRotterdam__sse-4__view-5.png,bagRotterdam__sse-12__view-5.png,0.959264852050134,
bagRotterdam,16,0,bagRotterdam__sse-4__view-0.png,bagRotterdam__sse-16__view-0.png,0.966171576646234,
bagRotterdam,16,1,bagRotterdam__sse-4__view-1.png,bagRotterdam__sse-16__view-1.png,0.9520008437797682,
bagRotterdam,16,2,bagRotterdam__sse-4__view-2.png,bagRotterdam__sse-16__view-2.png,0.963088346375171,
bagRotterdam,16,3,bagRotterdam__sse-4__view-3.png,bagRotterdam__sse-16__view-3.png,0.9819876882553477,
bagRotterdam,16,4,bagRotterdam__sse-4__view-4.png,bagRotterdam__sse-16__view-4.png,0.9701300036379487,
bagRotterdam,16,5,bagRotterdam__sse-4__view-5.png,bagRotterdam__sse-16__view-5.png,0.959264852050134,
bagRotterdam,24,0,bagRotterdam__sse-4__view-0.png,bagRotterdam__sse-24__view-0.png,0.966171576646234,
bagRotterdam,24,1,bagRotterdam__sse-4__view-1.png,bagRotterdam__sse-24__view-1.png,0.9520008437797682,
bagRotterdam,24,2,bagRotterdam__sse-4__view-2.png,bagRotterdam__sse-24__view-2.png,0.963088346375171,
bagRotterdam,24,3,bagRotterdam__sse-4__view-3.png,bagRotterdam__sse-24__view-3.png,0.9819876882553477,
bagRotterdam,24,4,bagRotterdam__sse-4__view-4.png,bagRotterdam__sse-24__view-4.png,0.9701300036379487,
bagRotterdam,24,5,bagRotterdam__sse-4__view-5.png,bagRotterdam__sse-24__view-5.png,0.959264852050134,
bagRotterdam,32,0,bagRotterdam__sse-4__view-0.png,bagRotterdam__sse-32__view-0.png,0.966171576646234,
bagRotterdam,32,1,bagRotterdam__sse-4__view-1.png,bagRotterdam__sse-32__view-1.png,0.9520008437797682,
bagRotterdam,32,2,bagRotterdam__sse-4__view-2.png,bagRotterdam__sse-32__view-2.png,0.963088346375171,
bagRotterdam,32,3,bagRotterdam__sse-4__view-3.png,bagRotterdam__sse-32__view-3.png,0.9819876882553477,
bagRotterdam,32,4,bagRotterdam__sse-4__view-4.png,bagRotterdam__sse-32__view-4.png,0.9701300036379487,
bagRotterdam,32,5,bagRotterdam__sse-4__view-5.png,bagRotterdam__sse-32__view-5.png,0.959264852050134,
bagRotterdam,48,0,bagRotterdam__sse-4__view-0.png,bagRotterdam__sse-48__view-0.png,0.966171576646234,
bagRotterdam,48,1,bagRotterdam__sse-4__view-1.png,bagRotterdam__sse-48__view-1.png,0.9520008437797682,
bagRotterdam,48,2,bagRotterdam__sse-4__view-2.png,bagRotterdam__sse-48__view-2.png,0.963088346375171,
bagRotterdam,48,3,bagRotterdam__sse-4__view-3.png,bagRotterdam__sse-48__view-3.png,0.9819876882553477,
bagRotterdam,48,4,bagRotterdam__sse-4__view-4.png,bagRotterdam__sse-48__view-4.png,0.9701300036379487,
bagRotterdam,48,5,bagRotterdam__sse-4__view-5.png,bagRotterdam__sse-48__view-5.png,0.959264852050134,
bagRotterdam,4,0,bagRotterdam__sse-4__view-0.png,bagRotterdam__sse-4__view-0.png,1.0,
bagRotterdam,4,1,bagRotterdam__sse-4__view-1.png,bagRotterdam__sse-4__view-1.png,1.0,
bagRotterdam,4,2,bagRotterdam__sse-4__view-2.png,bagRotterdam__sse-4__view-2.png,1.0,
bagRotterdam,4,3,bagRotterdam__sse-4__view-3.png,bagRotterdam__sse-4__view-3.png,1.0,
bagRotterdam,4,4,bagRotterdam__sse-4__view-4.png,bagRotterdam__sse-4__view-4.png,1.0,
bagRotterdam,4,5,bagRotterdam__sse-4__view-5.png,bagRotterdam__sse-4__view-5.png,1.0,
bagRotterdam,64,0,bagRotterdam__sse-4__view-0.png,bagRotterdam__sse-64__view-0.png,0.966171576646234,
bagRotterdam,64,1,bagRotterdam__sse-4__view-1.png,bagRotterdam__sse-64__view-1.png,0.9520008437797682,
bagRotterdam,64,2,bagRotterdam__sse-4__view-2.png,bagRotterdam__sse-64__view-2.png,0.963088346375171,
bagRotterdam,64,3,bagRotterdam__sse-4__view-3.png,bagRotterdam__sse-64__view-3.png,0.9819876882553477,
bagRotterdam,64,4,bagRotterdam__sse-4__view-4.png,bagRotterdam__sse-64__view-4.png,0.9701300036379487,
bagRotterdam,64,5,bagRotterdam__sse-4__view-5.png,bagRotterdam__sse-64__view-5.png,0.959264852050134,
bagRotterdam,6,0,bagRotterdam__sse-4__view-0.png,bagRotterdam__sse-6__view-0.png,0.966171576646234,
bagRotterdam,6,1,bagRotterdam__sse-4__view-1.png,bagRotterdam__sse-6__view-1.png,0.9647811272403518,
bagRotterdam,6,2,bagRotterdam__sse-4__view-2.png,bagRotterdam__sse-6__view-2.png,0.963088346375171,
bagRotterdam,6,3,bagRotterdam__sse-4__view-3.png,bagRotterdam__sse-6__view-3.png,0.9819876882553477,
bagRotterdam,6,4,bagRotterdam__sse-4__view-4.png,bagRotterdam__sse-6__view-4.png,0.9701300036379487,
bagRotterdam,6,5,bagRotterdam__sse-4__view-5.png,bagRotterdam__sse-6__view-5.png,0.959264852050134,
bagRotterdam,8,0,bagRotterdam__sse-4__view-0.png,bagRotterdam__sse-8__view-0.png,0.966171576646234,
bagRotterdam,8,1,bagRotterdam__sse-4__view-1.png,bagRotterdam__sse-8__view-1.png,0.9520008437797682,
bagRotterdam,8,2,bagRotterdam__sse-4__view-2.png,bagRotterdam__sse-8__view-2.png,0.963088346375171,
bagRotterdam,8,3,bagRotterdam__sse-4__view-3.png,bagRotterdam__sse-8__view-3.png,0.9819876882553477,
bagRotterdam,8,4,bagRotterdam__sse-4__view-4.png,bagRotterdam__sse-8__view-4.png,0.9701300036379487,
bagRotterdam,8,5,bagRotterdam__sse-4__view-5.png,bagRotterdam__sse-8__view-5.png,0.959264852050134,
